Key,Filename
job1,job_descriptions/job1_abdul_eRARdGD.txt
job1,job_descriptions/job1_abdul_eRARdGD.txt
job1,job_descriptions/job1_abdul_eRARdGD.txt
job1,job_descriptions/job1_abdul_eRARdGD.txt
ererr,job_descriptions/ererr_abdul_eRARdGD.txt
ererr,job_descriptions/ererr_abdul_eRARdGD.txt
ererr,job_descriptions/ererr_abdul_eRARdGD.txt
123,job_descriptions/123_abdul_eRARdGD_TX5y9W5.txt
123,job_descriptions/123_abdul_eRARdGD_TX5y9W5.txt
123,job_descriptions/123_abdul_eRARdGD_TX5y9W5.txt
12333,job_descriptions/12333_abdul_mTVARaX.txt
12333,job_descriptions/12333_abdul_mTVARaX.txt
resume_sanjay,job_descriptions/resume_sanjay_resume_sanjayy (1).pdf
resume_sanjay,job_descriptions/resume_sanjay_resume_sanjayy (1).pdf
image1,job_descriptions/image1_jobde.png
image1,job_descriptions/image1_jobde.png
image1,job_descriptions/image1_jobde.png
image1,job_descriptions/image1_jobde.png
image1,job_descriptions/image1_jobde.png
image1,job_descriptions/image1_abdul_eRARdGD.txt
image1,job_descriptions/image1_jobde.png
1231244,job_descriptions/1231244_ererr_abdul_eRARdGD.txt
1231244,job_descriptions/1231244_ererr_abdul_eRARdGD.txt
1231244,job_descriptions/1231244_ererr_abdul_eRARdGD.txt
1231244,job_descriptions/1231244_ererr_abdul_eRARdGD.txt
1222,job_descriptions/1222_ererr_abdul_eRARdGD.txt
1222,job_descriptions/1222_ererr_abdul_eRARdGD.txt
1222,job_descriptions/1222_ererr_abdul_eRARdGD.txt
8072024,job_descriptions/8072024_abdul_eRARdGD.txt
8072024,job_descriptions/8072024_abdul_eRARdGD.txt
8072024,job_descriptions/8072024_abdul_eRARdGD.txt
8072024,job_descriptions/8072024_abdul_eRARdGD.txt
8072024,job_descriptions/8072024_abdul_eRARdGD.txt
19-07-2024,job_descriptions/19-07-2024_abdul_eRARdGD.txt
19-07-2024,job_descriptions/19-07-2024_abdul_eRARdGD.txt
19-07-2024,job_descriptions/19-07-2024_abdul_eRARdGD.txt
19-07-2024,job_descriptions/19-07-2024_abdul_eRARdGD.txt
19-07-2024,job_descriptions/19-07-2024_abdul_eRARdGD.txt
19-07-2024,job_descriptions/19-07-2024_abdul_eRARdGD.txt
19-07-2024,job_descriptions/19-07-2024_abdul_eRARdGD.txt
19-07-2024,job_descriptions/19-07-2024_abdul_eRARdGD.txt
19-07-2024,job_descriptions/19-07-2024_abdul_eRARdGD.txt
19-07-2024,job_descriptions/19-07-2024_abdul_eRARdGD.txt
12345678,job_descriptions/12345678_abdul_eRARdGD.txt
12345678,job_descriptions/12345678_abdul_eRARdGD.txt
12345678,job_descriptions/12345678_abdul_eRARdGD.txt
12345678,job_descriptions/12345678_abdul_eRARdGD.txt
12345678,job_descriptions/12345678_abdul_eRARdGD.txt
12345678,job_descriptions/12345678_abdul_eRARdGD.txt
